name,G,GS,MP,FG,FGA,FG%,P2,2PA,2P%,3P,3PA,3P%,FT,FTA,FT%,ORB,DRB
Marvin Zaandam,15,0,3.3,0.1,0.4,.167,0.0,0.1,.000,0.1,0.3,.200,0.1,0.1,.500,,
Henry Zabierik,,,,,,,,,,,,,,,,,
Kevin Zabo,86,31,21.0,2.8,7.0,.398,1.9,4.1,.452,0.9,2.8,.320,1.5,2.0,.754,0.4,1.7
Alec Zaccardo,6,0,0.7,0.2,0.3,.500,0.2,0.2,1.000,0.0,0.2,.000,0.0,0.0,,0.0,0.2
Dan Zachary,53,46,,2.3,5.1,.446,,,,,,,2.0,2.5,.797,2.2,4.7
Danny Zachary,10,0,2.2,0.1,0.3,.333,,,,,,,0.3,0.6,.500,0.3,0.4
Michael Zachary,17,0,1.8,0.2,0.6,.364,0.2,0.5,.333,0.1,0.1,.500,0.0,0.0,,0.2,0.2
Randy Zachary,115,100,29.1,2.4,5.9,.412,1.0,2.5,.403,1.4,3.3,.418,1.5,2.0,.749,,
Richard Zacher,1,0,4.0,1.0,1.0,1.000,,,,,,,0.0,0.0,,1.0,0.0
Nick Zachery,83,35,26.0,4.6,11.1,.418,1.8,4.1,.433,2.8,6.9,.410,1.8,2.3,.772,0.4,2.3
John Zachritz,8,0,1.9,0.0,0.0,,,,,,,,0.0,0.0,,0.9,0.1
Scott Zack,11,0,6.5,0.4,0.8,.444,0.4,0.8,.444,0.0,0.0,,0.3,0.4,.750,,
Steve Zack,123,80,23.4,2.5,5.3,.470,2.5,5.2,.474,0.0,0.1,.125,1.3,2.0,.679,2.2,4.7
Jaeden Zackery,14,14,33.4,3.7,7.6,.486,2.3,4.9,.464,1.4,2.7,.526,1.9,2.6,.703,0.3,2.1
Bill Zadel,19,,,1.2,2.9,.400,0.4,0.8,.500,3.7,,,,,1.6,2.7,
Gene Zadzilka,16,,,0.5,2.0,.250,0.1,0.3,.250,,,,,,0.3,1.1,
Manny Zafires,6,,,0.2,0.7,.250,0.0,0.0,,0.0,0.5,,,,0.0,0.3,
Petrolsav Zafirov,27,0,5.5,0.5,1.8,.271,0.3,0.5,.538,0.2,1.3,.171,0.0,0.2,.200,0.2,0.4
Todd Zafirovski,20,0,2.1,0.1,0.4,.286,0.1,0.4,.286,0.0,0.0,,0.1,0.2,.250,0.1,0.3
Bill Zagar,8,,,0.1,0.8,.167,0.3,0.5,.500,0.5,0.1,,,,0.1,0.5,
Mike Zagardo,105,,34.2,5.1,8.7,.590,3.3,4.4,.751,7.8,1.2,0.6,0.7,,2.5,13.5,
Ron Zager,38,,,3.3,8.3,.402,2.1,3.1,.675,2.1,,,,,2.0,8.8,
Chuck Zagozdon,24,,,0.4,0.9,.429,0.3,0.6,.429,0.5,,,,,0.6,1.0,
Kyle Zaharias,81,33,11.8,1.2,2.6,.448,1.2,2.6,.448,0.0,0.0,,0.6,1.2,.511,1.3,1.9
Nick Zaharias,61,1,5.6,0.5,1.0,.459,,,.448,,,,0.7,0.8,.816,,
Adam Zahn,101,18,9.9,1.0,2.2,.444,1.0,2.1,.449,0.0,0.1,.333,0.5,0.9,.575,0.7,1.3
Alan Zahn,101,,22.6,2.1,4.6,.455,1.3,1.8,.728,3.7,1.9,0.7,0.4,1.8,2.2,5.5,
Andrew Zahn,16,0,3.4,0.4,0.6,.667,0.3,0.4,.714,0.1,0.1,.500,0.1,0.3,.500,0.4,0.6
_ Zahn,7,,,1.6,,,2.1,,,,,,,,,5.3,
Andrew Zahora,3,0,1.3,0.0,1.0,.000,0.0,1.0,.000,0.0,0.0,,0.0,0.0,,0.3,0.0
Bob Zajac,43,,,0.5,1.5,.318,0.4,0.8,.515,1.0,,,,,0.2,1.4,
Craig Zajac,3,0,1.7,0.0,0.0,,0.0,0.0,,0.0,0.0,,0.0,0.0,,,
Ed Zajac,43,15,16.3,1.2,2.5,.463,1.2,2.5,.463,0.0,0.0,,0.7,1.2,.588,1.1,2.4
Jon Zajac,117,15,20.9,2.6,5.7,.453,2.5,5.3,.471,0.1,0.4,.213,0.9,1.8,.537,,
Richie Zajac,31,,,0.9,2.1,.409,1.0,1.5,.667,1.1,0.3,,,,0.1,2.8,
Bob Zak,14,,,1.7,3.1,.558,0.4,0.6,.625,1.6,,,,,1.1,3.8,
Dave Zak,19,,,0.3,1.2,.227,0.5,1.1,.429,1.6,,,,,1.2,1.1,
Jim Zak,41,,,0.7,2.1,.333,0.5,0.9,.595,2.0,,,,,1.1,2.0,
Mike Zak,27,,,1.9,5.4,.340,1.0,2.7,.389,0.8,2.8,.293,1.1,1.8,.633,,
Ted Zak,19,,,1.2,2.6,.469,1.1,2.1,.513,5.0,,,,,1.9,3.5,
John Zakariassen,1,0,,0.0,0.0,,0.0,1.0,.000,1.0,0.0,0.0,0.0,3.0,0.0,0.0,
Pavel Zakharov,33,0,4.6,0.5,1.1,.459,0.5,0.9,.484,0.1,0.2,.333,0.4,0.7,.591,0.3,0.5
Max Zakheim,3,0,4.0,0.3,1.0,.333,0.0,0.3,.000,0.3,0.7,.500,0.3,0.7,.500,0.3,0.7
Mike Zaklan,59,,,1.4,3.4,.421,1.2,1.7,.730,1.9,,,,,1.8,4.1,
Casey Zakowski,11,,11.4,1.5,3.9,.395,,,,,,,0.5,0.8,.556,1.4,0.5
Steve Zakula,17,,,0.4,1.1,.368,0.8,1.2,.667,0.9,,,,,,1.6,
Matt Zalauskas,22,1,,0.7,1.9,.390,,,,,,,0.5,1.3,.414,1.4,0.2
Jim Zalenka,97,,16.6,2.3,5.4,.418,,,,,,,1.0,1.6,.662,3.1,0.6
Matt Zaleski,94,7,11.2,2.7,6.7,.396,1.5,3.5,.443,1.1,3.3,.346,0.5,0.7,.632,,
Bob Zaletal,16,,,0.6,1.4,.435,0.4,0.6,.600,0.9,,,,,1.2,1.6,
Joe Zaletel,48,1,12.7,1.5,3.4,.447,1.5,3.2,.461,0.0,0.1,.143,0.9,1.5,.569,,
Eric Zalewski,9,1,1.1,0.0,0.1,.000,0.0,0.1,.000,0.0,0.0,,0.0,0.2,.000,0.1,0.1
Tom Zaliagiris,100,,,1.9,4.0,.487,0.8,1.4,.587,1.3,1.0,0.8,0.1,,1.4,4.7,
George Zalucki,44,,,1.9,4.1,.472,0.7,1.4,.516,6.0,,,,,2.5,4.6,
Paulius Zalys,120,57,23.4,3.4,7.1,.474,2.7,5.1,.541,0.6,2.1,.308,1.4,2.0,.689,1.1,3.4
Mark Zamat,38,,,4.4,9.9,.447,1.5,2.0,.760,3.2,,,,,2.2,10.3,
George Zambetti,52,,,3.5,7.8,.455,1.8,3.0,.606,4.7,1.2,,,,2.8,8.9,
Ryan Zambie,8,0,0.9,0.0,0.1,.000,0.0,0.1,.000,0.0,0.0,,0.0,0.3,.000,0.3,0.1
Steve Zambo,16,,,5.4,12.4,.437,2.3,3.2,.725,2.6,0.0,,,,3.1,13.2,
Joe Zamborsky,3,,,0.3,2.3,.143,0.7,0.7,1.000,0.3,,,,,1.3,1.3,
Rod Zamor,55,48,24.2,2.9,6.1,.474,2.7,5.2,.525,0.2,0.9,.184,1.5,2.3,.645,,
Adrian Zamora,60,26,14.6,1.1,2.6,.424,1.1,2.4,.434,0.1,0.2,.308,0.6,1.1,.576,1.0,2.2
JoJo Zamora,67,36,17.6,2.6,5.9,.433,1.4,2.7,.508,1.2,3.2,.369,0.9,1.2,.769,0.4,1.1
Robert Zamora,5,,,0.6,1.0,.600,0.6,1.0,.600,1.0,,,,,1.0,1.8,
Paolo Zamorano,14,0,1.1,0.2,0.6,.333,0.0,0.1,.000,0.2,0.6,.375,0.0,0.0,,0.0,0.0
Brian Zamore,103,32,9.7,0.4,1.1,.333,0.4,1.1,.336,0.0,0.0,.000,0.5,1.0,.505,0.7,1.2
Alex Zampier,108,63,23.4,3.4,8.6,.397,2.1,4.6,.462,1.3,3.9,.320,2.5,3.1,.816,0.3,2.0
John Zampier,38,,,0.4,0.1,3.000,0.6,0.0,,1.1,,,,,0.1,1.4,
Davide Zanbon,27,,,1.0,3.0,.338,0.8,1.8,.449,0.2,1.1,.161,0.6,0.9,.625,,
Allyn Zanchi,12,0,5.2,0.3,0.5,.667,,,,,,,0.3,0.6,.429,1.0,0.1
Dan Zanderson,3,,,0.0,0.0,,0.0,0.0,,0.0,0.0,,0.0,0.0,,,
Len Zandy,72,,,5.6,13.2,.420,2.1,2.7,.778,6.8,,,,,3.0,13.2,
Gene Zane,9,,,1.1,2.2,.500,0.2,0.4,.500,,,,,,0.8,2.4,
Stewart Zane,12,1,3.0,0.5,1.0,.500,0.1,0.2,.500,1.3,0.1,0.0,0.1,0.2,0.5,1.1,
Stewart Zane,3,,,0.7,1.7,.400,0.0,0.3,.000,1.0,,,,,1.0,1.3,
Matt Zaney,8,0,2.4,0.1,0.3,.500,0.1,0.3,.500,0.0,0.0,,0.1,0.5,.250,0.0,0.6
Eugene Zang,5,,,0.2,3.4,.059,0.0,0.0,,,,,,,0.6,0.4,
Michael Zangari,123,66,16.6,1.7,3.8,.454,1.6,3.2,.497,0.1,0.6,.211,1.2,1.7,.675,1.4,2.0
George Zaninovich,17,0,4.1,0.6,1.8,.355,0.3,0.7,.417,0.4,1.1,.316,0.2,0.4,.500,,
George Zaninovich,56,,,1.6,4.6,.337,1.4,2.5,.570,3.4,0.2,,,,2.4,4.6,
Nura Zanna,128,93,21.0,2.5,4.7,.543,2.5,4.7,.545,0.0,0.0,.000,1.5,3.0,.505,2.4,3.7
Talib Zanna,135,94,21.7,3.0,5.5,.553,3.0,5.5,.555,0.0,0.0,.000,2.2,3.4,.650,2.5,3.5
Rudy Zannini,57,,,0.6,2.6,.245,0.8,1.4,.577,0.4,0.1,,,,1.3,2.1,
Craig Zanon,97,66,32.2,3.6,6.9,.532,,,,,,,3.7,4.7,.798,3.1,1.8
Rick Zanon,38,0,,0.7,1.7,.438,0.7,1.2,.578,0.7,1.0,0.3,0.0,1.1,0.9,2.1,
Scott Zanon,103,61,35.0,3.6,7.9,.453,,,.448,,,.415,2.1,2.6,.801,,
Pete van Zant,8,,,0.5,1.4,.364,0.1,0.5,.250,0.6,,,,,0.5,1.1,
John Zanzalari,67,,,2.9,6.0,.491,1.4,2.3,.622,4.7,0.6,,,,2.1,7.3,
Tony Zanze,28,,,0.9,2.5,.343,,,,,,,0.9,1.2,.706,2.1,0.3
Szymon Zapala,22,0,4.7,0.5,0.9,.579,0.5,0.9,.579,0.0,0.0,,0.5,1.0,.522,0.8,0.8
Tommy Zapata,105,8,12.9,1.3,3.7,.347,0.7,1.8,.387,0.6,1.9,.308,0.8,1.1,.742,,
Bill Zapp,55,,,1.4,4.3,.316,1.4,2.6,.553,6.0,,,,,2.4,4.1,
Ermine Zappa,25,,,5.2,12.7,.413,4.1,5.6,.736,9.8,,,,,2.6,14.6,
Ron Zappia,4,0,,0.5,1.5,.333,,,,,,,0.5,1.0,.500,1.3,0.5
_ Zaptor,3,0,3.0,0.0,0.0,,,,,,,,0.7,0.7,1.000,0.3,0.3
Gil Zaragoza,36,,,2.3,5.3,.444,1.7,2.3,.723,2.7,,,,,2.8,6.3,
Zack Zaragoza,7,0,6.1,0.7,2.6,.278,0.1,0.4,.333,0.6,2.1,.267,0.0,0.0,,0.0,1.0
Joe Zaranka,75,,,2.5,6.5,.386,0.6,0.8,.683,2.9,,,,,3.1,5.6,
John Zaraoza,5,,,1.6,,,0.2,0.4,.500,,,,,,0.0,3.4,
Morris Zarchen,,,,,,,,,.000,,,,,,,,
Stan Zardozny,24,,,3.4,7.9,.434,1.2,2.1,.560,,,,,,2.3,8.0,
Andrew Zarechnak,2,0,2.0,0.0,0.0,,0.0,0.0,,0.0,0.0,,0.0,0.0,,,
Nemanja Zarkovic,69,8,16.6,1.1,3.2,.335,0.4,1.0,.375,0.7,2.1,.315,0.3,0.5,.606,0.4,0.9
Bob Zarr,33,,,1.5,3.8,.403,1.0,2.0,.508,2.5,,,,,2.6,4.0,
Jesse Zarzuela,13,12,34.1,5.5,15.0,.364,3.2,7.1,.457,2.2,7.9,.282,2.5,3.2,.805,0.5,2.9
Max Zaslofsky,18,,,3.3,,,1.2,2.1,.579,,,,,,,7.8,
Eric Zastoupil,59,5,11.7,0.9,2.0,.442,0.9,1.8,.486,0.0,0.2,.077,0.7,0.9,.765,0.7,1.0
Ed Zastrow,25,,,2.1,5.6,.381,1.0,1.5,.649,1.3,,,,,1.8,5.2,
Nate Zastrow,106,7,12.1,0.9,2.9,.299,0.2,1.1,.216,0.6,1.8,.351,1.1,1.4,.823,0.1,1.0
Butch Zatezalo,75,75,,8.4,20.5,.410,6.7,8.1,.821,2.8,,,,,2.6,23.5,
Rudy Zatezalo,2,,,0.5,1.5,.333,0.0,0.0,,0.0,,,,,0.5,1.0,
Jeff Zatkoff,81,,32.7,5.9,11.8,.504,,,,,,,4.2,5.8,.730,7.1,0.8
Johnny Zatopek,22,,,2.5,,,1.9,2.6,.724,,,,,,2.1,7.0,
John Zatorski,51,,,1.3,3.6,.350,0.9,1.9,.500,3.8,,,,,1.7,3.5,
Ed Zausch,29,,,3.2,8.1,.393,1.3,2.3,.544,9.6,,,,,3.2,7.6,
Ed Zausch,1,0,0.0,0.0,0.0,,0.0,0.0,,0.0,0.0,,0.0,0.0,,,
Donatas Zavackas,118,106,27.0,2.8,6.2,.447,1.5,3.1,.489,1.2,3.1,.405,2.6,3.2,.807,,
Jeff Zavada,58,15,15.5,2.8,5.2,.530,2.7,5.1,.536,0.0,0.1,.286,1.2,1.8,.706,,
Jeff Zavada,18,,,0.3,0.6,.545,0.3,0.6,.545,0.0,0.0,,0.1,0.1,.500,,
Javier Zavala,51,27,19.6,1.7,4.6,.373,1.2,3.1,.380,0.5,1.5,.359,1.9,2.6,.722,,
Bob Zavorskas,25,,,0.9,2.9,.306,0.8,1.5,.541,1.2,,,,,1.0,2.6,
Tom Zavorskas,54,,,2.1,7.3,.288,1.4,2.2,.624,2.9,,,,,2.2,5.5,
Ron Zawacki,15,,,1.5,2.2,.667,1.1,1.0,1.067,2.2,,,,,1.5,4.0,
Ted Zawacki,39,,,0.4,0.9,.378,0.7,1.1,.591,1.0,,,,,0.7,1.4,
Ray Zawadzki,34,,,0.5,1.4,.362,0.5,0.9,.621,0.8,,,,,0.5,1.5,
Joe Zawawacki,10,,,0.1,1.1,.091,0.0,0.1,.000,0.7,,,,,0.1,0.2,
Bob Zawoluk,90,,,7.2,16.4,.437,5.8,8.0,.732,12.3,2.0,,,,3.1,20.2,
Steve Zazuri,70,4,11.9,0.2,0.8,.304,0.2,0.8,.304,0.0,0.0,,0.1,0.2,.538,0.3,0.8
Frank Zazzaro,62,1,8.9,1.1,2.5,.461,0.9,1.1,.746,1.9,,,,,1.5,3.1,
John Zazzaro,45,,,2.2,5.6,.402,0.8,1.7,.507,1.5,,,,,1.0,5.3,
Bill Zban,1,,,0.0,0.0,,0.0,0.0,,0.0,,,,,2.0,0.0,
Dima Zdor,83,12,9.9,1.1,2.0,.556,1.1,1.9,.567,0.0,0.1,.200,0.7,1.3,.567,1.0,2.0
Larry Zebrack,4,,,0.5,1.5,.333,0.8,1.3,.600,0.8,,,,,0.3,1.8,
Aleksandar Zecevic,64,22,14.5,2.4,4.5,.540,2.3,3.9,.586,0.1,0.6,.237,0.5,0.8,.627,1.3,2.8
Stefan Zecevic,22,0,3.5,0.2,0.5,.417,0.2,0.5,.455,0.0,0.0,.000,0.1,0.5,.200,0.2,0.5
Gene Zech,17,,,0.7,1.6,.444,0.1,0.5,.222,1.8,,,,,1.2,1.5,
Patrick Zeck,46,23,16.0,1.5,2.5,.588,1.4,2.2,.618,0.1,0.3,.333,0.7,1.0,.756,1.2,2.3
Mike Zedalis,58,,,6.8,11.4,.595,5.2,7.1,.731,,,,,,5.0,18.8,
Marcus Zegarowski,92,75,32.2,5.0,10.5,.471,2.6,5.0,.523,2.3,5.5,.423,1.8,2.3,.772,0.3,3.2
Tyler Zegarzewski,6,0,2.0,0.5,0.7,.750,0.2,0.2,1.000,0.3,0.5,.667,0.0,0.0,,0.0,0.2
Joe Zeglinski,135,135,36.1,5.1,13.5,.379,2.2,5.0,.437,2.9,8.4,.345,1.8,2.6,.690,1.3,3.2
Sammy Zeglinski,121,82,26.6,2.7,7.3,.369,1.0,2.6,.398,1.7,4.7,.352,0.8,1.1,.674,0.3,2.7
Zack Zeglinski,7,1,5.9,0.4,1.6,.273,0.4,1.1,.375,0.0,0.4,.000,0.4,0.9,.500,0.4,0.7
Andrew Zehnder,16,0,4.1,0.3,0.5,.625,0.3,0.4,.667,0.1,0.1,.500,0.1,0.3,.250,0.1,0.1
Todd Zehner,4,0,1.0,0.3,0.5,.500,0.3,0.5,.500,0.0,0.0,,0.0,0.0,,,
John Zeides,60,50,27.4,4.2,9.2,.454,1.4,2.1,.667,2.0,2.0,,,,1.6,9.7,
_ Zeiff,,,,,,,,,,,,,,,,,
Dick Zeiger,36,,,1.0,2.9,.356,1.1,1.6,.655,3.4,,,,,1.6,3.1,
Bo Zeigler,124,53,21.4,2.5,4.4,.561,2.4,4.2,.577,0.0,0.1,.059,0.7,1.5,.455,1.2,2.2
Dave Zeigler,43,28,35.9,7.3,15.4,.476,,,,,,,1.8,2.1,.865,3.5,1.7
Davin Zeigler,30,8,10.7,0.6,2.3,.279,0.5,1.8,.283,0.1,0.5,.267,0.9,1.2,.703,0.3,1.1
Demitrius Zeigler,17,0,3.9,0.4,1.6,.222,0.2,0.9,.267,0.1,0.7,.167,0.1,0.7,.167,,
Derrick Zeigler,104,60,27.3,2.5,6.9,.357,2.3,6.0,.378,0.2,0.9,.224,2.2,3.9,.568,,
Ernie Zeigler,28,22,,2.4,7.0,.349,2.4,7.0,.349,0.0,0.0,,0.8,1.1,.719,,
Gordon Zeigler,17,,,0.9,3.3,.268,0.1,0.7,.167,2.2,,,,,0.9,1.9,
Kenny Zeigler,115,74,22.6,2.7,6.0,.455,2.7,5.8,.464,0.1,0.2,.231,2.0,2.9,.693,,
Levelle Zeigler,7,4,31.0,3.9,10.0,.386,2.9,6.3,.455,1.0,3.7,.269,2.1,3.1,.682,0.1,1.7
Marcus Zeigler,52,25,26.0,1.6,4.2,.375,0.7,1.8,.398,0.8,2.4,.358,1.1,1.5,.724,,
Mitchell Zeigler,10,,,1.4,2.4,.583,0.5,1.0,.500,1.5,0.1,,,0.7,1.1,3.3,
Omar Zeigler,8,,,0.9,1.9,.467,0.8,1.5,.500,0.1,0.4,.333,0.1,0.4,.333,,
Trey Zeigler,127,89,27.3,4.5,10.3,.436,4.2,9.3,.453,0.3,1.0,.285,2.4,4.3,.547,1.6,3.0
Zakai Zeigler,15,1,18.8,2.5,6.3,.389,1.4,2.9,.488,1.1,3.5,.308,0.9,1.2,.778,0.2,1.5
Nic Zeil,26,0,2.8,0.1,0.5,.214,0.1,0.3,.222,0.0,0.2,.200,0.3,0.5,.750,0.2,0.5
Don Zeiler,3,,,0.0,1.0,.000,0.7,0.7,1.000,0.7,,,,,1.0,0.7,
Nick Zeisloft,128,46,20.5,2.0,4.8,.423,0.3,0.6,.531,1.7,4.2,.406,0.5,0.6,.838,0.5,1.7
Dick Zeitler,67,,,1.4,3.5,.403,1.0,1.6,.623,1.0,,,,,1.4,3.8,
Bill Zeits,68,,,2.0,4.8,.410,0.8,1.3,.663,1.8,,,,,1.4,4.8,
Branimir Zeko,28,5,9.1,0.7,1.6,.413,0.7,1.5,.442,0.0,0.1,.000,0.2,0.3,.625,0.6,0.9
Ray Zelek,64,,,3.2,9.4,.334,2.8,4.1,.682,9.6,,,,,3.6,9.1,
Ted Zelek,25,,,1.2,3.5,.345,0.6,0.9,.636,2.2,0.6,,,,1.5,3.0,
Andrej Zelenbaba,37,2,6.3,0.6,1.6,.377,0.4,1.0,.444,0.2,0.7,.280,1.0,1.3,.735,,
Jovan Zelenbaba,73,15,15.6,1.8,4.6,.380,1.1,2.5,.425,0.7,2.1,.327,0.9,1.3,.716,0.5,1.8
Norm Zelenko,37,,,3.2,8.3,.383,2.4,3.4,.720,5.1,,,,,2.0,8.8,
Frank Zelesnik,41,25,29.2,4.2,10.1,.419,2.8,4.3,.648,4.5,2.7,,,,2.7,11.2,
Dick Zelickson,58,,,3.3,9.2,.356,1.3,1.9,.706,3.6,,,,,3.0,7.7,
Jack Zelinger,1,,,1.0,2.0,.500,0.0,0.0,,0.0,,,,,0.0,2.0,
_ Zelinski,5,,,6.2,,,3.0,4.4,.682,,,,,,1.4,15.4,
Andrew Zelis,38,0,6.9,0.8,1.6,.525,0.8,1.6,.525,0.0,0.0,,0.2,0.6,.381,0.5,1.3
Maros Zeliznak,86,9,9.5,0.8,1.6,.504,0.8,1.6,.511,0.0,0.0,.000,0.3,0.9,.351,0.9,1.1
Cody Zeller,72,72,29.0,5.5,9.4,.592,5.5,9.3,.594,0.0,0.0,.000,5.0,6.6,.756,2.6,4.7
Dave Zeller,66,,,5.7,12.8,.445,5.0,6.5,.762,3.3,,,,,3.1,16.3,
Gary Zeller,60,,,3.6,9.5,.381,2.0,3.4,.581,2.6,,,,,2.3,9.2,
Luke Zeller,128,32,13.2,1.5,3.7,.417,0.7,1.4,.511,0.8,2.3,.360,0.3,0.5,.574,0.8,1.7
Marty Zeller,48,23,21.3,1.2,2.7,.450,0.8,1.4,.529,3.1,0.5,0.7,0.3,0.7,1.9,3.2,
Tyler Zeller,117,75,23.0,4.7,8.6,.543,4.7,8.6,.544,0.0,0.0,.000,3.5,4.5,.775,2.7,4.0
Ed Zello,7,0,1.6,0.1,0.4,.333,0.1,0.3,.500,0.0,0.1,.000,0.0,0.0,,0.0,0.3
Damian Zellous,52,17,17.2,1.8,4.5,.398,0.9,1.8,.495,0.9,2.7,.333,1.2,1.5,.816,,
Joseph Zemba,,,,,,.154,,,.000,,,,,,,,
Steve Zemba,18,,,0.4,1.2,.381,0.2,0.4,.500,0.7,,,,,0.9,1.1,
Dick Zembal,77,,,4.0,8.5,.476,2.7,3.7,.735,7.1,,,,,1.5,10.8,
John Zembron,39,,,0.8,2.0,.416,0.4,0.6,.682,1.5,0.2,,,,1.1,2.0,
Deividas Zemgulis,67,3,8.4,0.6,1.6,.343,0.3,0.6,.513,0.3,1.0,.246,0.2,0.3,.696,0.5,0.6
Deivis Zemgulis,8,0,3.3,0.4,0.8,.500,0.1,0.1,1.000,0.3,0.6,.400,0.0,0.0,,0.0,0.6
Bob Zender,78,,,3.8,8.4,.448,2.4,3.3,.727,6.1,,,,,2.7,10.0,
Ben Zenevich,53,,,1.0,2.6,.377,0.7,1.4,.493,1.6,1.1,,,,1.5,2.6,
Martin Zeno,130,121,34.3,5.0,10.6,.472,4.8,9.9,.486,0.2,0.8,.301,4.4,5.8,.760,1.3,3.6
Michael Zeno,122,47,16.2,1.9,4.7,.396,1.8,4.6,.403,0.0,0.1,.083,1.3,2.2,.564,1.2,2.0
Michael Zeno,92,9,16.6,2.3,5.3,.434,,,,,,,1.1,1.6,.687,4.6,1.2
Tony Zeno,112,71,24.8,4.8,10.4,.466,1.8,2.4,.742,7.5,,,,,3.0,11.4,
Guy Zenou,27,,,2.1,4.6,.452,1.9,3.9,.476,0.2,0.7,.316,0.8,1.2,.688,,
Mike Zepeda,13,0,6.6,0.8,1.7,.500,0.8,1.7,.500,0.0,0.0,,0.3,0.5,.667,0.6,0.8
Keil Zepernick,6,,,0.8,1.5,.556,0.8,1.5,.556,0.0,0.0,,1.0,1.0,1.000,,
Bryce Zephir,5,0,4.6,0.8,1.8,.444,0.6,1.0,.600,0.2,0.8,.250,0.2,0.4,.500,0.0,0.6
Buf Zephir,46,,,0.4,0.8,.459,0.3,0.5,.520,,,,,,0.8,0.8,
Timothy Zephyr,79,44,14.4,1.2,3.1,.403,1.2,2.7,.433,0.1,0.4,.179,0.3,0.5,.632,0.8,1.3
Bill Zepplin,24,,,1.0,2.3,.436,0.2,0.4,.556,2.5,1.5,,,0.7,1.4,2.2,
Neven Zeravica,16,0,3.4,0.6,0.8,.833,0.6,0.8,.833,0.0,0.0,,0.1,0.2,.667,0.3,0.6
Chris Zerbe,36,1,2.1,0.5,1.0,.543,0.5,0.9,.545,0.0,0.1,.500,0.3,0.6,.571,0.2,0.5
Paul Zeringue,2,,,0.0,0.0,,0.0,0.0,,0.0,0.0,,0.0,0.0,,,
Jeff Zern,99,,10.5,0.8,1.8,.450,,,,,,,0.6,0.9,.636,1.4,0.3
Michael Zernich,71,,,3.9,7.2,.550,4.0,3.7,1.080,7.2,2.9,,,,2.6,11.9,
Bill Zersen,10,,,0.7,2.3,.304,0.5,0.9,.556,2.0,,,,,1.0,1.9,
_ Zerwas,17,9,20.9,0.6,1.5,.400,0.4,0.6,.700,0.9,1.8,0.3,0.0,1.1,1.2,1.6,
Peter Zestermann,15,0,1.5,0.1,0.7,.200,0.1,0.7,.200,0.0,0.0,,0.1,0.3,.250,0.4,0.3
_ Zetz,,,,,,,,,,,,,,,,,
Al Zetzsche,73,,,4.8,10.6,.455,3.9,4.9,.788,6.0,,,,,2.7,13.5,
Phil Zevenbergen,66,39,24.6,3.8,7.6,.501,,,.516,,,.000,2.5,3.5,.721,,
Thomas Zevgaras,21,0,5.8,0.8,1.2,.640,0.8,1.2,.640,0.0,0.0,,0.5,1.0,.500,0.3,0.9
Kevin Zhang,60,35,20.8,2.1,5.6,.377,1.3,3.0,.436,0.8,2.6,.308,0.7,1.0,.733,0.6,1.7
Max Zhang,42,5,8.4,0.9,1.4,.644,0.9,1.4,.644,0.0,0.0,,0.7,1.3,.500,0.8,1.0
Alex Zhao,4,0,1.3,0.0,0.5,.000,0.0,0.3,.000,0.0,0.3,.000,0.0,0.0,,0.3,0.0
Zurabi Zhgenti,17,3,16.5,1.8,4.4,.413,1.4,2.7,.500,0.5,1.7,.276,0.8,1.1,.737,1.1,2.5
Andrew Zidar,100,80,25.4,3.5,7.7,.453,3.0,6.1,.488,0.5,1.6,.325,1.1,1.7,.643,1.5,3.7
George Zidek,104,60,16.9,2.8,5.4,.520,2.8,5.3,.524,0.0,0.1,.250,1.5,2.1,.744,,
Jan Zidek,54,25,20.2,3.3,7.7,.425,1.9,3.6,.528,1.4,4.1,.335,1.4,1.7,.824,0.8,2.2
Malte Ziegenhagen,19,0,8.3,0.6,1.9,.297,0.1,0.2,.500,0.5,1.7,.273,0.1,0.1,.500,0.1,0.3
Jerry Ziegenhorn,16,,,0.8,2.1,.364,0.6,1.0,.563,1.4,,,,,1.0,2.1,
Bob Ziegler,73,,,4.7,9.5,.491,3.3,4.7,.706,4.9,,,,,2.1,12.7,
Don Ziegler,64,,,0.5,1.9,.276,0.7,1.0,.682,1.0,,,,,0.5,1.8,
Don Ziegler,34,,,1.6,5.9,.269,1.3,2.3,.584,3.6,2.4,,,,2.3,4.5,
Fritz Ziegler,61,,10.3,3.0,8.0,.381,1.1,1.6,.670,6.0,0.4,,,,1.3,7.2,
Karl Ziegler,65,31,26.3,3.4,6.8,.499,3.4,6.7,.506,0.0,0.1,.125,2.7,3.5,.752,1.3,2.6
Lonnie Ziegler,13,,,0.5,0.8,.636,0.0,0.2,.000,0.5,,,,,0.5,1.1,
M Ziegler,,,,,,,,,,,,,,,,,
Rick Ziegler,14,0,,0.6,1.8,.360,,,,,,,0.1,0.4,.333,0.8,0.4
Ron Ziegler,35,,,2.2,5.9,.380,1.3,1.9,.657,5.7,,,,,2.4,5.7,
Todd Ziegler,67,4,5.6,0.7,1.3,.511,,,.509,,,.400,0.4,0.7,.500,,
Travis Ziegler,17,0,2.2,0.2,0.8,.308,0.2,0.4,.667,0.0,0.4,.000,0.3,0.6,.500,,
Matt Zielenbach,14,0,2.0,0.1,0.6,.222,0.1,0.4,.400,0.0,0.3,.000,0.0,0.1,.000,,
Frank Zielinski,28,4,20.1,1.6,3.9,.418,1.5,3.5,.434,0.1,0.4,.273,1.7,2.2,.770,,
Jerry Zielinski,73,,,8.0,16.7,.480,3.2,3.6,.881,7.0,,,,,2.3,19.2,
Maciej Zielinski,70,2,9.1,0.9,2.3,.398,0.6,1.2,.464,0.4,1.1,.325,0.5,0.7,.720,,
Russ Ziemba,18,,2.8,0.2,0.5,.444,,,,,,,0.3,0.3,1.000,0.9,0.1
Steve Ziemian,62,10,14.0,1.2,2.9,.418,0.9,1.8,.514,0.3,1.1,.265,1.1,1.5,.758,,
Chris Zier,33,,,0.9,1.8,.517,0.5,1.0,.563,3.1,,,,,2.2,2.4,
Isaiah Zierden,114,42,22.3,2.0,5.0,.402,0.5,1.1,.453,1.5,3.9,.388,1.2,1.4,.870,0.1,1.9
Larry Zigerelli,76,,34.1,2.3,5.1,.454,1.8,2.7,.683,1.7,5.6,,,,2.8,6.5,
Matt Zignorski,109,23,11.9,0.8,2.3,.356,0.4,1.0,.416,0.4,1.3,.307,0.3,0.5,.720,0.1,0.7
Tim Ziko,26,,,0.8,2.3,.339,0.5,0.9,.565,3.4,0.8,0.5,0.2,1.1,2.2,2.0,
Chris Zikos,31,1,,0.1,0.4,.273,,,,,,,0.6,0.9,.667,0.5,0.5
Giacomo Zilli,83,33,9.7,1.3,2.5,.529,1.3,2.5,.529,0.0,0.0,,1.0,1.4,.693,1.0,1.3
Jim Zilli,2,,,0.0,0.0,,0.0,0.0,,0.5,0.0,,,,0.5,0.0,
Greg Zilverberg,10,2,2.0,0.7,1.3,.538,0.2,0.5,.400,0.5,0.0,,,,0.8,1.6,
Stanley Zima,51,,,2.5,2.9,.840,1.1,1.1,1.056,2.3,,,,,0.5,6.1,
Andrew Zimbro,7,0,1.7,0.1,0.4,.333,0.1,0.3,.500,0.0,0.1,.000,0.3,0.3,1.000,0.0,0.4
Ken Zimko,5,,,0.2,1.4,.143,0.0,0.2,.000,0.4,,,,,0.6,0.4,
Bill Zimmer,9,,,0.4,1.8,.250,0.9,1.3,.667,0.7,,,,,,1.8,
Jason Zimmer,2,2,2.0,0.0,0.0,,0.0,0.0,,0.0,0.0,,0.0,0.0,,,
Adam Zimmerman,36,1,1.9,0.2,0.5,.333,0.1,0.3,.444,0.1,0.3,.222,0.0,0.0,.000,0.1,0.2
Arnie Zimmerman,11,,,2.2,6.5,.333,1.8,2.7,.667,1.7,,,,,2.4,6.2,
Ben Zimmerman,11,0,,0.5,1.7,.316,0.3,0.5,.500,0.5,0.2,,,,0.6,1.4,
Chris Zimmerman,25,25,,0.3,1.0,.280,0.2,0.7,.294,0.1,0.3,.250,0.4,0.5,.917,,
Dave Zimmerman,6,0,,0.0,2.2,.000,0.3,0.5,.667,1.5,,,,,1.0,0.3,
Derrick Zimmerman,127,71,26.0,2.5,5.2,.477,2.2,4.1,.533,0.3,1.1,.268,1.6,2.6,.600,,
Dick Zimmerman,26,,,0.2,0.9,.174,0.2,0.2,.667,,,,,,0.3,0.5,
Don Zimmerman,,,,,,.154,,,.583,,,,,,,,
Fred Zimmerman,21,,,1.0,3.8,.278,1.0,1.5,.656,1.5,,,,,1.0,3.1,
Gerald Zimmerman,56,,27.2,4.9,12.4,.397,2.9,6.6,.440,2.0,5.8,.349,2.2,3.1,.701,,
Jack Zimmerman,111,,35.5,5.9,12.0,.486,1.6,2.1,.795,3.2,4.7,1.1,0.2,2.3,1.8,13.4,
Jack Zimmerman,43,,,0.7,1.6,.412,0.5,0.8,.600,,,,,,1.1,1.8,
James Zimmerman,66,61,30.0,3.4,8.8,.391,2.1,4.8,.448,1.3,4.0,.323,1.3,1.9,.707,,
Jason Zimmerman,115,,,3.6,8.4,.430,2.0,4.4,.459,1.6,4.0,.397,2.1,2.6,.815,,
Jim Zimmerman,36,,,0.5,1.3,.375,0.1,0.1,.600,0.5,0.3,,,,0.2,1.1,
Joe Zimmerman,16,,,0.5,1.3,.400,0.3,0.5,.625,0.6,,,,,0.6,1.3,
Pete Zimmerman,28,,8.5,0.3,1.1,.300,0.3,0.7,.474,0.5,1.1,,,,0.8,1.0,
Rodney Zimmerman,112,18,12.0,1.2,2.0,.590,1.2,2.0,.590,0.0,0.0,,0.5,0.9,.505,,
Scott Zimmerman,20,,,0.8,1.5,.517,0.7,1.2,.583,0.1,0.3,.200,0.3,0.5,.667,,
Stephen Zimmerman Jr.,26,24,26.2,3.9,8.2,.477,3.7,7.6,.492,0.2,0.7,.294,2.4,3.9,.624,2.2,6.6
Thurman Zimmerman,116,109,31.3,5.1,10.2,.496,4.5,8.3,.541,0.6,1.9,.299,4.6,6.1,.752,2.3,5.5
Todd Zimmerman,48,6,11.2,1.1,2.4,.461,0.8,1.5,.493,0.4,0.9,.405,0.9,1.5,.625,,
Todd Zimmerman,3,0,0.0,0.0,0.0,,0.0,0.0,,0.0,0.0,,0.3,1.0,.333,,
Andrew Zimmermann,103,47,14.2,1.4,3.2,.445,1.3,2.7,.486,0.1,0.4,.196,0.6,1.1,.577,0.9,1.6
Frank Zimmovan,64,,,2.3,7.0,.332,1.3,2.5,.513,5.7,,,,,3.0,5.9,
Alex Zimnickas,113,57,14.3,1.5,3.3,.451,1.3,2.6,.503,0.1,0.6,.229,0.8,1.3,.605,0.8,1.2
Greg Zimny,16,0,4.3,0.2,0.5,.375,0.2,0.4,.500,0.0,0.1,.000,0.1,0.3,.500,0.1,0.3
Bogdan Zimonjic,9,0,6.4,1.0,2.2,.450,0.6,1.2,.455,0.4,1.0,.444,0.4,0.7,.667,0.3,0.6
Scott Zimos,12,0,2.4,0.1,0.9,.091,0.1,0.9,.091,0.0,0.0,,0.2,0.3,.667,,
Ted Zimowicz,9,,,0.2,0.7,.333,0.4,0.7,.667,0.3,,,,,0.7,0.9,
David Zingg,72,5,10.5,0.7,1.7,.387,,,.375,,,.667,0.3,0.5,.694,,
John Zinirich,2,0,1.5,0.0,1.0,.000,0.0,1.0,.000,0.0,0.0,,0.0,0.0,,,
Dave Zink,45,,,0.9,2.1,.447,0.6,1.0,.609,3.1,,,,,1.2,2.5,
Nevin Zink,93,85,22.1,2.7,4.5,.595,2.7,4.5,.597,0.0,0.0,.000,1.9,2.9,.648,1.7,2.8
Gary Zinkgraf,38,2,5.6,0.5,1.1,.450,,,,,,,0.5,1.1,.439,1.4,0.1
Chuck Zinky,13,,,2.9,8.0,.365,1.1,1.4,.778,5.0,0.4,,,,2.6,6.9,
Jim Zinn,65,,,3.3,9.6,.344,2.6,3.8,.680,12.7,,,,,3.2,9.2,
Rob Zinn,56,,,4.4,10.0,.437,3.9,8.1,.478,3.2,8.3,.390,1.8,2.4,.774,,
Terry Zinn,19,,,0.3,0.7,.462,0.3,0.6,.500,0.0,0.1,.000,0.2,0.3,.500,,
Walt Zinn,5,,,0.0,0.0,,0.6,0.8,.750,0.2,,,,,0.2,0.6,
Paul Zinser,21,,,0.7,1.9,.350,0.8,1.6,.500,1.1,,,,,5.8,2.1,
Bill Zinsky,24,,,3.5,9.3,.383,2.5,3.8,.656,8.0,,,,,2.9,9.5,
Jim Zinsky,41,,,1.9,4.7,.401,1.1,1.5,.770,2.2,,,,,0.6,4.9,
Mark Ziolko,24,,,0.1,0.6,.200,0.2,0.4,.500,1.3,0.0,,,,0.6,0.5,
John Zipp,70,,6.0,0.3,0.8,.421,0.3,0.4,.808,1.3,0.2,0.4,,,0.7,1.0,
Marty Zippel,29,,,4.3,10.6,.404,3.2,4.3,.752,,,,,,3.2,11.8,
_ Zippel,20,,,4.4,12.0,.364,4.0,5.7,.699,,,,,,3.7,12.7,
Jon Ziri,113,50,17.9,1.8,4.9,.355,1.2,3.0,.401,0.6,2.0,.287,0.8,1.6,.542,1.1,2.6
Morton Zisk,9,,,0.0,0.2,.000,0.2,0.2,1.000,0.4,,,,,0.3,0.2,
Alexander Ziskunov,52,15,13.6,0.9,2.0,.433,0.9,2.0,.437,0.0,0.0,.000,0.6,1.5,.423,,
Matt Zitani,42,5,5.4,0.5,1.2,.420,0.3,0.7,.467,0.2,0.5,.350,0.1,0.1,.600,0.4,0.4
Fred Zitar,50,,,6.0,11.2,.537,3.7,5.4,.690,11.8,,,,,3.5,15.7,
Lou Ziter,8,,,1.8,3.8,.467,0.8,1.1,.667,2.6,0.1,,,1.1,0.9,4.3,
Bill Zito,4,,,0.3,2.8,.091,0.3,0.8,.333,2.5,,,,,1.0,0.8,
John Zito,100,71,26.5,3.7,8.5,.439,3.5,7.5,.468,0.2,1.0,.231,2.1,4.2,.498,2.0,2.9
Ales Zivanovic,40,5,13.5,1.0,2.1,.464,1.0,2.1,.476,0.0,0.1,.000,0.6,0.8,.697,,
Lazar Zivanovic,23,6,8.6,0.8,1.7,.462,0.7,1.2,.571,0.1,0.5,.182,0.3,0.6,.429,0.0,0.5
Milos Zivanovic,57,1,4.6,0.2,0.7,.350,0.2,0.7,.342,0.0,0.0,.500,0.2,0.4,.435,0.4,0.6
Mitar Zivanovic,12,1,5.3,0.2,0.5,.333,0.2,0.5,.333,0.0,0.0,,0.0,0.2,.000,0.5,0.3
Luka Zivkovic,28,0,5.6,0.5,1.6,.283,0.1,0.4,.400,0.3,1.3,.250,0.1,0.2,.667,0.2,0.5
Chris Zivney,56,7,14.7,1.2,3.2,.363,0.3,0.9,.353,0.8,2.3,.367,0.8,1.1,.738,,
Tyler Zivney,13,0,4.4,0.7,1.5,.450,0.2,0.6,.375,0.5,0.9,.500,0.2,0.2,1.000,0.1,0.5
Lubo Zizakovic,1,0,8.0,0.0,1.0,.000,0.0,1.0,.000,0.0,0.0,,1.0,4.0,.250,,
Nikola Zizic,34,0,9.9,1.6,2.6,.602,1.6,2.6,.602,0.0,0.0,,0.4,0.8,.500,1.1,1.7
Jay Ziznewski,30,,,1.3,2.6,.494,0.6,1.6,.383,3.4,,,,,1.3,3.1,
Steve Zlko,54,,,1.4,3.1,.441,1.0,1.4,.697,0.8,0.7,,,,0.8,3.8,
Drazen Zlovaric,107,62,17.9,2.6,5.3,.500,2.6,5.1,.516,0.0,0.2,.095,0.6,1.1,.542,1.2,2.4
Aaron Zobrist,112,39,23.4,3.0,7.2,.421,0.9,2.3,.414,2.1,4.9,.424,1.4,1.7,.842,,
John Zoccali,30,0,11.3,1.0,2.9,.330,1.0,2.9,.330,0.0,0.0,,0.8,1.2,.657,,
Alex Zock,1,1,,4.0,9.0,.444,3.0,6.0,.500,1.0,3.0,.333,0.0,0.0,,,
Roger Zoeller,67,,,2.5,6.1,.405,1.8,2.7,.667,2.8,,,,,1.8,6.8,
Kirsten Zoellner,75,59,20.5,2.3,4.7,.483,2.3,4.7,.483,0.0,0.0,,1.3,2.6,.505,1.6,2.5
Jim Zoet,63,,20.6,1.4,2.9,.476,0.4,1.0,.429,4.3,0.5,,,,2.3,3.2,
Mark Zoller,115,94,25.8,4.8,9.1,.530,4.1,7.2,.575,0.7,1.9,.359,2.1,2.9,.719,2.1,4.5
Klaas Zollner,51,6,,0.3,0.8,.326,0.3,0.8,.333,0.0,0.0,.000,0.4,0.6,.636,0.4,1.1
Vinny Zollo,98,43,16.5,1.6,4.4,.363,1.0,2.3,.425,0.6,2.1,.295,0.7,1.0,.704,1.3,2.4
Charles Zolot,53,,,4.1,8.1,.501,1.7,2.6,.667,8.8,,,,,2.7,9.9,
Chick Zomlefer,,,,,,,,,.583,,,,,,,,
Matt Zona,18,1,4.7,0.3,1.2,.286,0.3,1.0,.333,0.0,0.2,.000,0.2,0.4,.571,0.6,0.7
Mike Zona,39,9,5.8,0.7,1.5,.491,,,,,,,0.4,0.7,.615,1.5,0.3
Kenrick Zondervan,111,90,17.9,1.8,3.5,.505,1.8,3.5,.506,0.0,0.0,.000,0.9,1.4,.625,1.3,1.9
Sean Zone,44,28,18.2,2.3,6.0,.388,1.9,4.3,.445,0.4,1.6,.236,1.0,1.7,.603,,
Bill Zopf,75,,,5.2,11.8,.436,3.0,3.8,.784,4.7,,,,,2.2,13.3,
Noah Zoppi,2,0,2.0,0.0,0.0,,0.0,0.0,,0.0,0.0,,0.0,0.0,,0.0,1.0
Paul Zorad,20,0,3.8,0.1,0.5,.200,0.1,0.5,.200,0.0,0.0,,0.1,0.2,.500,,
Bob Zoretich,50,,,5.1,11.2,.451,3.2,5.5,.578,7.8,,,,,3.3,13.3,
Danijel Zoric,48,22,19.5,2.1,4.9,.440,2.1,4.9,.442,0.0,0.0,.000,1.7,2.4,.698,1.1,2.4
Kristers Zoriks,23,1,11.8,1.2,2.4,.500,0.5,1.1,.423,0.7,1.3,.567,0.6,0.8,.722,0.0,1.0
Bill Zorn,33,,,0.3,1.2,.263,0.8,1.3,.591,,,,,,1.0,1.4,
Tyler Zornes,13,0,6.4,0.8,2.5,.313,0.1,0.3,.250,0.7,2.2,.321,0.2,0.2,1.000,0.2,0.4
Dave Zornow,60,,,3.7,10.9,.335,3.4,5.2,.650,10.7,3.5,,,,3.7,10.7,
Paul Zorsky,12,,,0.3,1.2,.214,0.0,0.3,.000,0.8,0.4,,,,0.6,0.5,
Ezra Zoschke,7,0,1.6,0.0,0.3,.000,0.0,0.3,.000,0.0,0.0,,0.1,0.3,.500,0.3,0.3
Brian Zoubek,133,37,12.6,1.7,2.8,.594,1.7,2.8,.594,0.0,0.0,,0.8,1.4,.609,2.1,2.4
Nisre Zouzoua,114,55,25.7,3.9,9.8,.403,2.1,4.8,.441,1.8,5.0,.365,2.2,2.7,.795,0.6,2.3
Adrian Zuber,5,,,0.0,0.4,.000,0.0,0.0,,0.0,,,,,0.0,0.0,
Dallas Zuber,19,,,3.4,8.9,.385,3.0,4.4,.679,,,,,,2.6,9.8,
_ Zuber,24,,,4.6,,,4.2,6.0,.699,,,,,,1.7,13.4,
Aitor Zubizarreta,32,1,5.3,0.2,0.7,.333,0.2,0.3,.600,0.0,0.3,.091,0.2,0.2,.714,0.1,0.4
Mark Zubor,70,,,5.0,11.1,.446,2.9,4.2,.702,7.4,,,,,2.4,12.9,
_ Zucco,6,,,0.2,,,0.3,,,,,,,,,0.7,
Henry Zuchowski,17,,,2.3,6.3,.364,0.8,1.3,.591,3.4,,,,,1.5,5.4,
Ed Zucker,89,27,21.2,2.3,4.7,.498,,,.540,,,.000,2.3,3.5,.650,,
Herbert Zuckerman,5,,,1.0,,,1.0,,,,,,,,,3.0,
Maros Zuffa,11,0,8.3,0.4,1.9,.190,0.0,0.4,.000,0.4,1.5,.235,0.2,0.4,.500,0.4,0.8
Cale Zuiker,14,0,3.2,0.4,0.9,.385,0.0,0.1,.000,0.4,0.8,.455,0.0,0.0,,0.0,0.1
Jake Zuilhof,77,57,22.5,2.3,4.4,.536,2.3,4.4,.536,0.0,0.0,,1.6,2.6,.593,1.9,3.3
Vladimir Zujovic,34,25,,1.0,3.1,.330,0.8,1.8,.452,0.2,1.3,.159,1.0,1.4,.702,0.0,0.6
Jay Zulauf,60,0,10.0,1.2,2.5,.466,1.0,2.0,.487,0.2,0.5,.387,1.0,1.4,.738,,
Jon Zulauf,99,4,10.0,1.0,2.4,.438,1.0,2.3,.448,0.0,0.1,.000,0.3,0.7,.508,,
Dick Zulch,1,,,0.0,1.0,.000,0.0,0.0,,,,,,,0.0,0.0,
Gordie Zullges,13,,,1.5,3.0,.487,0.5,0.6,.750,2.0,,,,,1.2,3.4,
Jimmy Zullo,4,,,0.0,1.0,.000,0.3,0.5,.500,0.8,,,,,0.8,0.3,
Arthur Zulu,45,3,5.9,0.6,1.1,.500,0.6,1.1,.500,0.0,0.0,,0.1,0.2,.500,0.4,0.7
Don Zumbro,52,,,1.8,5.2,.351,1.0,1.9,.510,2.9,,,,,1.3,4.6,
George Zumbro,77,,,3.9,9.0,.437,2.1,2.6,.800,5.7,,,,,2.9,9.9,
Chip Zumer,13,4,15.2,1.0,2.7,.371,,,,,,,1.0,1.4,.722,2.9,0.2
Neal Zumwalt,45,2,8.8,0.8,2.0,.385,0.2,0.4,.412,0.6,1.6,.378,0.2,0.2,.889,0.3,0.7
Kyle Zunic,113,58,19.7,2.2,5.5,.399,1.0,2.1,.504,1.1,3.4,.335,1.0,1.5,.705,0.7,2.2
Carlos Zuniga,89,18,27.4,4.4,9.1,.481,2.1,3.2,.668,5.9,1.4,,,,3.3,10.9,
Dave Zupan,6,,,0.2,1.0,.167,,,,0.2,,,,,0.3,0.3,
Zeljko Zupic,59,43,23.3,2.6,6.4,.408,1.7,3.4,.498,0.9,2.9,.302,1.5,2.3,.662,2.2,3.9
Johnny Zuppardo,55,1,9.6,0.9,2.1,.424,0.6,1.2,.471,0.3,0.9,.360,0.2,0.3,.688,0.4,1.3
Joe Zuravleff,,,,,,.271,,,.815,,,,,,,,
Phil Zuravleff,49,,,3.7,5.1,.731,1.8,3.2,.547,,,,,,3.1,9.2,
Philip Zuravleff,23,,,3.2,10.7,.302,1.9,3.5,.531,,,,,,2.7,8.3,
Chris Zurcher,37,0,5.1,0.2,0.6,.409,0.1,0.3,.500,0.1,0.3,.333,0.1,0.1,1.000,0.0,0.2
Kim Zurcher,55,36,21.3,2.8,6.6,.427,1.8,3.9,.452,1.0,2.7,.390,1.1,1.3,.875,,
Drew Zurek,113,0,19.8,2.6,5.8,.451,2.0,3.9,.517,0.6,1.9,.315,1.1,1.5,.738,,
George Zurenda,19,,,1.3,2.5,.532,2.0,3.2,.633,3.3,,,,,2.9,4.6,
Stephen Zurich,21,0,3.0,0.0,0.1,.000,0.0,0.1,.000,0.0,0.0,.000,0.0,0.2,.250,0.1,0.2
Darren Zusack,7,0,1.0,0.1,0.6,.250,0.1,0.6,.250,0.0,0.0,,0.1,0.3,.500,0.3,-0.1
Xabi Zusperreguy,9,9,4.0,0.2,0.3,.667,0.2,0.3,.667,0.0,0.0,,0.0,0.0,,,
Stanislav Zuzak,119,71,23.5,2.7,6.2,.438,1.8,3.9,.470,0.9,2.4,.387,1.5,2.4,.650,0.9,2.5
Al Zvinakis,,,,,,,,,,,,,,,,,
Al Zvoda,1,,,1.0,1.0,1.000,0.0,1.0,.000,,,,,,0.0,2.0,
Brian Zvonecek,30,0,1.0,0.2,0.5,.429,0.2,0.5,.429,0.0,0.0,,0.5,0.9,.577,,
John Zwakman,2,,,0.0,0.0,,2.0,2.0,1.000,0.5,,,,,0.0,2.0,
Mark Zwart,116,27,17.3,1.7,3.6,.475,,,,,,,0.9,1.4,.630,3.8,0.8
Clint Zwayer,6,0,2.8,0.7,1.5,.444,0.2,0.3,.500,0.5,1.2,.429,0.0,0.0,,0.3,0.2
Eric Zwayer,114,40,17.9,2.3,4.5,.515,2.3,4.4,.519,0.0,0.1,.167,1.4,2.0,.691,,
Walter Zwick,21,,,0.8,1.6,.471,0.7,1.7,.400,1.7,,,,,,2.2,
Serge Zwikker,120,66,20.2,3.0,6.1,.501,3.0,6.0,.502,0.0,0.0,.333,0.9,1.2,.696,,
Joe Zych,23,,,1.0,3.0,.343,0.4,0.9,.500,2.1,,,,,1.5,2.5,
Lou Zykiewicz,9,,,0.9,2.7,.333,1.3,1.8,.750,,,,,,,3.1,
Jack Zyla,65,,,3.1,7.7,.400,0.8,1.2,.630,2.0,,,,,1.7,7.0,
Michal Zylinski,2,0,3.5,0.5,1.5,.333,0.0,1.0,.000,0.5,0.5,1.000,0.0,0.0,,0.5,0.0
Brock Zylstra,119,61,17.6,1.8,4.1,.429,0.9,1.7,.538,0.9,2.4,.354,0.7,1.1,.674,0.5,2.3
Gene Zyzda,52,,,0.5,1.5,.313,0.4,0.9,.417,1.6,,,,,1.0,1.3,
